{
    "rmse": 0.697115607821302,
    "mae": 0.5359798482103441,
    "r2": 0.282065045548732
}