{
    "rmse": 0.7581694773583612,
    "mae": 0.6208884255600873,
    "r2": 0.02810545145189125
}