{
    "rmse": 0.7217640704469389,
    "mae": 0.5637344624161261,
    "r2": 0.27036188467644695
}